﻿{
  "configurations": [
    {
      "name": "x64-Debug",
      "generator": "Ninja",
      "configurationType": "Debug",
      "inheritEnvironments": [ "msvc_x64_x64" ],
      "buildRoot": "${projectDir}\\out\\build\\${name}",
      "installRoot": "${projectDir}\\out\\install\\${name}",
      "cmakeCommandArgs": "",
      "buildCommandArgs": "",
      "ctestCommandArgs": "",
      "variables": [
        {
          "name": "Qt5_DIR",
          "value": "C:/Qt/5.15.8/msvc2019_64/lib/cmake/Qt5",
          "type": "PATH"
        },
        {
          "name": "Qt5Gui_DIR",
          "value": "C:/Qt/5.15.8/msvc2019_64/lib/cmake/Qt5Gui",
          "type": "PATH"
        },
        {
          "name": "Qt5Widgets_DIR",
          "value": "C:/Qt/5.15.8/msvc2019_64/lib/cmake/Qt5Widgets",
          "type": "PATH"
        }
      ]
    }
  ]
}